id,nama,email,no_hp,tanggal_daftar,status
1,Customer Name 1,user1@gmail.com,08123456001,12/05/2026,banned
2,Customer Name 2,user2@gmail.com,08123456002,2026-05-13,Active
3,Customer Name 3,user3@gmail.com,08123456003,13-05-26,aktive
4,Customer Name 4,user4@gmail.com,08123456004,31/05/2026,aktive
5,Customer Name 5,user5@gmail.com,08123456005,23-05-26,INACTIVE
6,Customer Name 6,user6@gmail.com,08123456006,09/06/2026,Active
7,Customer Name 7,user7@gmail.com,08123456007,2026-06-03,banned
8,Customer Name 8,user8@gmail.com,08123456008,24-05-26,banned
9,Customer Name 9,user9@gmail.com,08123456009,26/05/2026,INACTIVE
10,customer name 10,user10@gmail.com,08123456010,2026-06-01,INACTIVE
11,Customer Name 11,user11@gmail.com,08123456011,05-06-26,active 
12,Customer Name 12,user12@gmail.com,08123456012,22/05/2026,active 
13,Customer Name 13,user13@gmail.com,08123456013,27-05-26,aktive
14,Customer Name 14,user14@gmail.com,08123456014,19-05-26,Active
15,Customer Name 15,user15@gmail.com,08123456015,2026-05-31,Active
16,Customer Name 16,user16@gmail.com,08123456016,2026-06-06,INACTIVE
17,Customer Name 17,user17@gmail.com,08123456017,2026-05-15,aktive
18,Customer Name 18,user18@gmail.com,08123456018,20-05-26,INACTIVE
19,Customer Name 19,user19@gmail.com,08123456019,2026-05-20,INACTIVE
20,customer name 20,user20@gmail.com,08123456020,27-05-26,aktive
21,Customer Name 21,user21@gmail.com,08123456021,2026-05-11,active 
22,Customer Name 22,user22@gmail.com,08123456022,2026-05-23,INACTIVE
23,Customer Name 23,user23@gmail.com,08123456023,2026-05-14,banned
24,Customer Name 24,user24@gmail.com,08123456024,21/05/2026,Active
25,Customer Name 25,user25@gmail.com,08123456025,2026-05-11,INACTIVE
26,Customer Name 26,user26@gmail.com,08123456026,10/05/2026,INACTIVE
27,Customer Name 27,user27@gmail.com,08123456027,2026-06-04,banned
28,Customer Name 28,user28@gmail.com,08123456028,15-05-26,active
29,Customer Name 29,user29@gmail.com,08123456029,25-05-26,INACTIVE
30,customer name 30,user30@gmail.com,08123456030,25/05/2026,active
31,Customer Name 31,user31@gmail.com,08123456031,2026-05-28,INACTIVE
32,Customer Name 32,user32@gmail.com,08123456032,16-05-26,active 
33,Customer Name 33,user33@gmail.com,08123456033,2026-05-25,Active
34,Customer Name 34,user34@gmail.com,08123456034,2026-05-19,banned
35,Customer Name 35,user35@gmail.com,08123456035,29/05/2026,active 
36,Customer Name 36,user36@gmail.com,08123456036,2026-06-06,active 
37,Customer Name 37,user37@gmail.com,08123456037,06/06/2026,banned
38,Customer Name 38,user38@gmail.com,08123456038,03-06-26,banned
39,Customer Name 39,user39@gmail.com,08123456039,14/05/2026,active 
40,customer name 40,user40@gmail.com,08123456040,16/05/2026,active 
41,Customer Name 41,user41@gmail.com,08123456041,2026-06-01,active 
42,Customer Name 42,user42@gmail.com,08123456042,16-05-26,active 
43,Customer Name 43,user43@gmail.com,08123456043,08/06/2026,aktive
44,Customer Name 44,user44@gmail.com,08123456044,22-05-26,INACTIVE
45,Customer Name 45,user45@gmail.com,08123456045,14-05-26,Active
46,Customer Name 46,user46@gmail.com,08123456046,16/05/2026,Active
47,Customer Name 47,user47@gmail.com,08123456047,07-06-26,INACTIVE
48,Customer Name 48,user48@gmail.com,08123456048,03-06-26,active 
49,Customer Name 49,user49@gmail.com,08123456049,2026-05-22,active
50,customer name 50,user49@gmail.com,08123456050,15/05/2026,Active
51,Customer Name 51,user51@gmail.com,08123456051,06/06/2026,INACTIVE
52,Customer Name 52,user52@gmail.com,08123456052,13-05-26,active
53,Customer Name 53,user53@gmail.com,08123456053,2026-05-12,active 
54,Customer Name 54,user54@gmail.com,08123456054,06/06/2026,banned
55,Customer Name 55,user55@gmail.com,08123456055,2026-06-04,active 
56,Customer Name 56,user56@gmail.com,08123456056,05-06-26,active 
57,Customer Name 57,user57@gmail.com,08123456057,2026-06-06,active
58,Customer Name 58,user58@gmail.com,08123456058,2026-06-04,banned
59,Customer Name 59,user59@gmail.com,08123456059,2026-05-21,active 
60,customer name 60,user60@gmail.com,08123456060,2026-05-20,active 
61,Customer Name 61,user61@gmail.com,08123456061,2026-05-25,active 
62,Customer Name 62,user62@gmail.com,08123456062,28/05/2026,banned
63,Customer Name 63,user63@gmail.com,08123456063,2026-05-20,active 
64,Customer Name 64,user64@gmail.com,08123456064,2026-05-27,aktive
65,Customer Name 65,user65@gmail.com,08123456065,03/06/2026,active
66,Customer Name 66,user66@gmail.com,08123456066,2026-06-05,INACTIVE
67,Customer Name 67,user67@gmail.com,08123456067,2026-05-10,aktive
68,Customer Name 68,user68@gmail.com,08123456068,10-05-26,aktive
69,Customer Name 69,user69@gmail.com,08123456069,11-05-26,Active
70,customer name 70,user70@gmail.com,08123456070,2026-05-16,banned
71,Customer Name 71,user71@gmail.com,08123456071,18-05-26,active 
72,Customer Name 72,user72@gmail.com,08123456072,24/05/2026,active
73,Customer Name 73,user73@gmail.com,08123456073,16/05/2026,INACTIVE
74,Customer Name 74,user74@gmail.com,08123456074,18/05/2026,active 
75,Customer Name 75,user75@gmail.com,08123456075,25/05/2026,aktive
76,Customer Name 76,user76@gmail.com,08123456076,05-06-26,banned
77,Customer Name 77,user77@gmail.com,08123456077,19/05/2026,Active
78,Customer Name 78,user78@gmail.com,08123456078,04/06/2026,active 
79,Customer Name 79,user79@gmail.com,08123456079,25-05-26,banned
80,customer name 80,user80@gmail.com,08123456080,28-05-26,INACTIVE
81,Customer Name 81,user81@gmail.com,08123456081,2026-05-27,active 
82,Customer Name 82,user82@gmail.com,08123456082,30-05-26,aktive
83,Customer Name 83,user83@gmail.com,08123456083,26-05-26,aktive
84,Customer Name 84,user84@gmail.com,08123456084,13-05-26,active
85,Customer Name 85,user85@gmail.com,08123456085,29-05-26,Active
86,Customer Name 86,user86@gmail.com,08123456086,2026-05-18,Active
87,Customer Name 87,user87@gmail.com,08123456087,18/05/2026,Active
88,Customer Name 88,user88@gmail.com,08123456088,20/05/2026,banned
89,Customer Name 89,user89@gmail.com,08123456089,18-05-26,INACTIVE
90,customer name 90,user90@gmail.com,08123456090,18-05-26,active 
91,Customer Name 91,user91@gmail.com,08123456091,17/05/2026,active
92,Customer Name 92,user92@gmail.com,08123456092,21-05-26,active 
93,Customer Name 93,user93@gmail.com,08123456093,31-05-26,aktive
94,Customer Name 94,user94@gmail.com,08123456094,29-05-26,Active
95,Customer Name 95,user95@gmail.com,08123456095,20-05-26,aktive
96,Customer Name 96,user96@gmail.com,08123456096,08/06/2026,banned
97,Customer Name 97,user97@gmail.com,08123456097,09/06/2026,active
98,Customer Name 98,user98@gmail.com,08123456098,2026-06-04,active
99,Customer Name 99,user99@gmail.com,08123456099,23-05-26,aktive
100,customer name 100,user99@gmail.com,08123456100,04-06-26,Active
101,Customer Name 101,user101@gmail.com,08123456101,01-06-26,Active
102,Customer Name 102,user102@gmail.com,08123456102,29/05/2026,active 
103,Customer Name 103,user103@gmail.com,08123456103,30/05/2026,aktive
104,Customer Name 104,user104@gmail.com,08123456104,2026-05-11,aktive
105,Customer Name 105,user105@gmail.com,08123456105,01/06/2026,active
106,Customer Name 106,user106@gmail.com,08123456106,03-06-26,active 
107,Customer Name 107,user107@gmail.com,08123456107,20/05/2026,aktive
108,Customer Name 108,user108@gmail.com,08123456108,10-05-26,aktive
109,Customer Name 109,user109@gmail.com,08123456109,2026-05-23,banned
110,customer name 110,user110@gmail.com,08123456110,11-05-26,Active
111,Customer Name 111,user111@gmail.com,08123456111,19/05/2026,aktive
112,Customer Name 112,user112@gmail.com,08123456112,03/06/2026,banned
113,Customer Name 113,user113@gmail.com,08123456113,04/06/2026,active 
114,Customer Name 114,user114@gmail.com,08123456114,27/05/2026,aktive
115,Customer Name 115,user115@gmail.com,08123456115,19/05/2026,active
116,Customer Name 116,user116@gmail.com,08123456116,2026-05-10,INACTIVE
117,Customer Name 117,user117@gmail.com,08123456117,2026-06-03,aktive
118,Customer Name 118,user118@gmail.com,08123456118,13-05-26,active
119,Customer Name 119,user119@gmail.com,08123456119,2026-06-08,Active
120,customer name 120,user120@gmail.com,08123456120,04-06-26,Active
121,Customer Name 121,user121@gmail.com,08123456121,12-05-26,active
122,Customer Name 122,user122@gmail.com,08123456122,2026-05-21,banned
123,Customer Name 123,user123@gmail.com,08123456123,2026-05-22,aktive
124,Customer Name 124,user124@gmail.com,08123456124,2026-05-28,banned
125,Customer Name 125,user125@gmail.com,08123456125,10/05/2026,active
126,Customer Name 126,user126@gmail.com,08123456126,28/05/2026,banned
127,Customer Name 127,user127@gmail.com,08123456127,18/05/2026,active
128,Customer Name 128,user128@gmail.com,08123456128,29-05-26,active
129,Customer Name 129,user129@gmail.com,08123456129,05-06-26,active
130,customer name 130,user130@gmail.com,08123456130,09-06-26,aktive
131,Customer Name 131,user131@gmail.com,08123456131,07/06/2026,aktive
132,Customer Name 132,user132@gmail.com,08123456132,03-06-26,aktive
133,Customer Name 133,user133@gmail.com,08123456133,07-06-26,active
134,Customer Name 134,user134@gmail.com,08123456134,2026-05-26,active
135,Customer Name 135,user135@gmail.com,08123456135,31-05-26,aktive
136,Customer Name 136,user136@gmail.com,08123456136,2026-06-08,banned
137,Customer Name 137,user137@gmail.com,08123456137,2026-06-08,banned
138,Customer Name 138,user138@gmail.com,08123456138,05/06/2026,banned
139,Customer Name 139,user139@gmail.com,08123456139,18/05/2026,active
140,customer name 140,user140@gmail.com,08123456140,15-05-26,INACTIVE
141,Customer Name 141,user141@gmail.com,08123456141,18-05-26,INACTIVE
142,Customer Name 142,user142@gmail.com,08123456142,2026-05-31,active
143,Customer Name 143,user143@gmail.com,08123456143,12/05/2026,active 
144,Customer Name 144,user144@gmail.com,08123456144,2026-05-15,INACTIVE
145,Customer Name 145,user145@gmail.com,08123456145,21/05/2026,banned
146,Customer Name 146,user146@gmail.com,08123456146,2026-05-29,active
147,Customer Name 147,user147@gmail.com,08123456147,04-06-26,aktive
148,Customer Name 148,user148@gmail.com,08123456148,27-05-26,aktive
149,Customer Name 149,user149@gmail.com,08123456149,03-06-26,INACTIVE
150,customer name 150,user149@gmail.com,08123456150,23/05/2026,Active
151,Customer Name 151,user151@gmail.com,08123456151,08/06/2026,banned
152,Customer Name 152,user152@gmail.com,08123456152,23-05-26,INACTIVE
153,Customer Name 153,user153@gmail.com,08123456153,26-05-26,active 
154,Customer Name 154,user154@gmail.com,08123456154,15/05/2026,banned
155,Customer Name 155,user155@gmail.com,08123456155,30/05/2026,banned
156,Customer Name 156,user156@gmail.com,08123456156,29/05/2026,Active
157,Customer Name 157,user157@gmail.com,08123456157,18/05/2026,INACTIVE
158,Customer Name 158,user158@gmail.com,08123456158,26-05-26,Active
159,Customer Name 159,user159@gmail.com,08123456159,2026-05-15,aktive
160,customer name 160,user160@gmail.com,08123456160,17/05/2026,aktive
161,Customer Name 161,user161@gmail.com,08123456161,13-05-26,aktive
162,Customer Name 162,user162@gmail.com,08123456162,03-06-26,active 
163,Customer Name 163,user163@gmail.com,08123456163,24/05/2026,aktive
164,Customer Name 164,user164@gmail.com,08123456164,2026-05-26,Active
165,Customer Name 165,user165@gmail.com,08123456165,15/05/2026,banned
166,Customer Name 166,user166@gmail.com,08123456166,27/05/2026,active 
167,Customer Name 167,user167@gmail.com,08123456167,2026-05-19,aktive
168,Customer Name 168,user168@gmail.com,08123456168,2026-05-21,active
169,Customer Name 169,user169@gmail.com,08123456169,2026-05-14,Active
170,customer name 170,user170@gmail.com,08123456170,2026-06-09,INACTIVE
171,Customer Name 171,user171@gmail.com,08123456171,14-05-26,banned
172,Customer Name 172,user172@gmail.com,08123456172,09-06-26,active
173,Customer Name 173,user173@gmail.com,08123456173,27/05/2026,active 
174,Customer Name 174,user174@gmail.com,08123456174,17/05/2026,active 
175,Customer Name 175,user175@gmail.com,08123456175,22/05/2026,banned
176,Customer Name 176,user176@gmail.com,08123456176,28/05/2026,aktive
177,Customer Name 177,user177@gmail.com,08123456177,10-05-26,INACTIVE
178,Customer Name 178,user178@gmail.com,08123456178,2026-06-09,Active
179,Customer Name 179,user179@gmail.com,08123456179,11/05/2026,banned
180,customer name 180,user180@gmail.com,08123456180,12-05-26,banned
181,Customer Name 181,user181@gmail.com,08123456181,2026-05-19,aktive
182,Customer Name 182,user182@gmail.com,08123456182,17/05/2026,active 
183,Customer Name 183,user183@gmail.com,08123456183,2026-05-19,aktive
184,Customer Name 184,user184@gmail.com,08123456184,11/05/2026,Active
185,Customer Name 185,user185@gmail.com,08123456185,02-06-26,Active
186,Customer Name 186,user186@gmail.com,08123456186,2026-06-07,banned
187,Customer Name 187,user187@gmail.com,08123456187,2026-06-04,banned
188,Customer Name 188,user188@gmail.com,08123456188,2026-05-31,active 
189,Customer Name 189,user189@gmail.com,08123456189,06/06/2026,INACTIVE
190,customer name 190,user190@gmail.com,08123456190,12-05-26,banned
191,Customer Name 191,user191@gmail.com,08123456191,05/06/2026,banned
192,Customer Name 192,user192@gmail.com,08123456192,19/05/2026,banned
193,Customer Name 193,user193@gmail.com,08123456193,07-06-26,INACTIVE
194,Customer Name 194,user194@gmail.com,08123456194,2026-05-16,INACTIVE
195,Customer Name 195,user195@gmail.com,08123456195,11/05/2026,banned
196,Customer Name 196,user196@gmail.com,08123456196,2026-05-30,active
197,Customer Name 197,user197@gmail.com,08123456197,05/06/2026,Active
198,Customer Name 198,user198@gmail.com,08123456198,2026-05-20,INACTIVE
199,Customer Name 199,user199@gmail.com,08123456199,2026-05-16,active 
200,customer name 200,user199@gmail.com,08123456200,25/05/2026,INACTIVE
201,Customer Name 201,user201@gmail.com,08123456201,21-05-26,Active
202,Customer Name 202,user202@gmail.com,08123456202,14-05-26,active 
203,Customer Name 203,user203@gmail.com,08123456203,22/05/2026,Active
204,Customer Name 204,user204@gmail.com,08123456204,19-05-26,active 
205,Customer Name 205,user205@gmail.com,08123456205,2026-06-08,active 
206,Customer Name 206,user206@gmail.com,08123456206,29/05/2026,active 
207,Customer Name 207,user207@gmail.com,08123456207,2026-05-31,banned
208,Customer Name 208,user208@gmail.com,08123456208,2026-06-04,active
209,Customer Name 209,user209@gmail.com,08123456209,31/05/2026,active 
210,customer name 210,user210@gmail.com,08123456210,11/05/2026,active
211,Customer Name 211,user211@gmail.com,08123456211,2026-05-21,Active
212,Customer Name 212,user212@gmail.com,08123456212,2026-05-22,banned
213,Customer Name 213,user213@gmail.com,08123456213,2026-05-21,Active
214,Customer Name 214,user214@gmail.com,08123456214,06-06-26,INACTIVE
215,Customer Name 215,user215@gmail.com,08123456215,2026-05-30,INACTIVE
216,Customer Name 216,user216@gmail.com,08123456216,2026-06-08,banned
217,Customer Name 217,user217@gmail.com,08123456217,2026-05-14,Active
218,Customer Name 218,user218@gmail.com,08123456218,2026-06-08,active 
219,Customer Name 219,user219@gmail.com,08123456219,23/05/2026,aktive
220,customer name 220,user220@gmail.com,08123456220,27/05/2026,INACTIVE
221,Customer Name 221,user221@gmail.com,08123456221,19-05-26,active 
222,Customer Name 222,user222@gmail.com,08123456222,24-05-26,Active
223,Customer Name 223,user223@gmail.com,08123456223,14/05/2026,INACTIVE
224,Customer Name 224,user224@gmail.com,08123456224,2026-06-04,aktive
225,Customer Name 225,user225@gmail.com,08123456225,05-06-26,aktive
226,Customer Name 226,user226@gmail.com,08123456226,2026-05-26,INACTIVE
227,Customer Name 227,user227@gmail.com,08123456227,2026-05-13,Active
228,Customer Name 228,user228@gmail.com,08123456228,18/05/2026,banned
229,Customer Name 229,user229@gmail.com,08123456229,25-05-26,banned
230,customer name 230,user230@gmail.com,08123456230,07/06/2026,active
231,Customer Name 231,user231@gmail.com,08123456231,08/06/2026,Active
232,Customer Name 232,user232@gmail.com,08123456232,03-06-26,Active
233,Customer Name 233,user233@gmail.com,08123456233,10/05/2026,banned
234,Customer Name 234,user234@gmail.com,08123456234,15-05-26,active
235,Customer Name 235,user235@gmail.com,08123456235,15-05-26,Active
236,Customer Name 236,user236@gmail.com,08123456236,12/05/2026,banned
237,Customer Name 237,user237@gmail.com,08123456237,13-05-26,Active
238,Customer Name 238,user238@gmail.com,08123456238,02-06-26,INACTIVE
239,Customer Name 239,user239@gmail.com,08123456239,2026-05-12,aktive
240,customer name 240,user240@gmail.com,08123456240,07-06-26,banned
241,Customer Name 241,user241@gmail.com,08123456241,27/05/2026,active 
242,Customer Name 242,user242@gmail.com,08123456242,28/05/2026,active 
243,Customer Name 243,user243@gmail.com,08123456243,25/05/2026,aktive
244,Customer Name 244,user244@gmail.com,08123456244,06-06-26,active
245,Customer Name 245,user245@gmail.com,08123456245,2026-05-13,active
246,Customer Name 246,user246@gmail.com,08123456246,2026-05-17,INACTIVE
247,Customer Name 247,user247@gmail.com,08123456247,24-05-26,active 
248,Customer Name 248,user248@gmail.com,08123456248,2026-05-28,active
249,Customer Name 249,user249@gmail.com,08123456249,16/05/2026,Active
250,customer name 250,user249@gmail.com,08123456250,06-06-26,Active
251,Customer Name 251,user251@gmail.com,08123456251,26-05-26,active
252,Customer Name 252,user252@gmail.com,08123456252,2026-06-06,Active
253,Customer Name 253,user253@gmail.com,08123456253,2026-05-31,banned
254,Customer Name 254,user254@gmail.com,08123456254,2026-06-04,INACTIVE
255,Customer Name 255,user255@gmail.com,08123456255,2026-05-20,Active
256,Customer Name 256,user256@gmail.com,08123456256,2026-05-20,active
257,Customer Name 257,user257@gmail.com,08123456257,31-05-26,INACTIVE
258,Customer Name 258,user258@gmail.com,08123456258,2026-06-01,INACTIVE
259,Customer Name 259,user259@gmail.com,08123456259,09/06/2026,aktive
260,customer name 260,user260@gmail.com,08123456260,01-06-26,INACTIVE
261,Customer Name 261,user261@gmail.com,08123456261,04/06/2026,active
262,Customer Name 262,user262@gmail.com,08123456262,31-05-26,aktive
263,Customer Name 263,user263@gmail.com,08123456263,2026-05-24,aktive
264,Customer Name 264,user264@gmail.com,08123456264,14/05/2026,Active
265,Customer Name 265,user265@gmail.com,08123456265,2026-05-24,active 
266,Customer Name 266,user266@gmail.com,08123456266,2026-05-23,active
267,Customer Name 267,user267@gmail.com,08123456267,2026-05-27,Active
268,Customer Name 268,user268@gmail.com,08123456268,27-05-26,INACTIVE
269,Customer Name 269,user269@gmail.com,08123456269,2026-05-22,aktive
270,customer name 270,user270@gmail.com,08123456270,06/06/2026,active 
271,Customer Name 271,user271@gmail.com,08123456271,2026-05-17,aktive
272,Customer Name 272,user272@gmail.com,08123456272,11/05/2026,active
273,Customer Name 273,user273@gmail.com,08123456273,2026-06-09,banned
274,Customer Name 274,user274@gmail.com,08123456274,2026-06-01,Active
275,Customer Name 275,user275@gmail.com,08123456275,21/05/2026,Active
276,Customer Name 276,user276@gmail.com,08123456276,2026-06-05,banned
277,Customer Name 277,user277@gmail.com,08123456277,30/05/2026,active 
278,Customer Name 278,user278@gmail.com,08123456278,11/05/2026,aktive
279,Customer Name 279,user279@gmail.com,08123456279,10-05-26,INACTIVE
280,customer name 280,user280@gmail.com,08123456280,23-05-26,INACTIVE
281,Customer Name 281,user281@gmail.com,08123456281,2026-05-25,active
282,Customer Name 282,user282@gmail.com,08123456282,30/05/2026,active
283,Customer Name 283,user283@gmail.com,08123456283,05/06/2026,aktive
284,Customer Name 284,user284@gmail.com,08123456284,27/05/2026,Active
285,Customer Name 285,user285@gmail.com,08123456285,20-05-26,INACTIVE
286,Customer Name 286,user286@gmail.com,08123456286,28/05/2026,active
287,Customer Name 287,user287@gmail.com,08123456287,28-05-26,banned
288,Customer Name 288,user288@gmail.com,08123456288,28-05-26,INACTIVE
289,Customer Name 289,user289@gmail.com,08123456289,2026-05-21,Active
290,customer name 290,user290@gmail.com,08123456290,05-06-26,active 
291,Customer Name 291,user291@gmail.com,08123456291,12/05/2026,INACTIVE
292,Customer Name 292,user292@gmail.com,08123456292,22-05-26,aktive
293,Customer Name 293,user293@gmail.com,08123456293,2026-05-23,active
294,Customer Name 294,user294@gmail.com,08123456294,2026-05-24,active 
295,Customer Name 295,user295@gmail.com,08123456295,15-05-26,active 
296,Customer Name 296,user296@gmail.com,08123456296,23/05/2026,Active
297,Customer Name 297,user297@gmail.com,08123456297,2026-05-16,banned
298,Customer Name 298,user298@gmail.com,08123456298,2026-05-31,active 
299,Customer Name 299,user299@gmail.com,08123456299,05-06-26,Active
300,customer name 300,user299@gmail.com,08123456300,10/05/2026,active 
301,Customer Name 301,user301@gmail.com,08123456301,2026-06-01,active 
302,Customer Name 302,user302@gmail.com,08123456302,2026-05-23,aktive
303,Customer Name 303,user303@gmail.com,08123456303,2026-06-01,active
304,Customer Name 304,user304@gmail.com,08123456304,09-06-26,Active
305,Customer Name 305,user305@gmail.com,08123456305,2026-05-26,INACTIVE
306,Customer Name 306,user306@gmail.com,08123456306,05/06/2026,banned
307,Customer Name 307,user307@gmail.com,08123456307,03/06/2026,Active
308,Customer Name 308,user308@gmail.com,08123456308,29/05/2026,Active
309,Customer Name 309,user309@gmail.com,08123456309,03/06/2026,INACTIVE
310,customer name 310,user310@gmail.com,08123456310,06-06-26,aktive
311,Customer Name 311,user311@gmail.com,08123456311,03/06/2026,active
312,Customer Name 312,user312@gmail.com,08123456312,2026-06-07,banned
313,Customer Name 313,user313@gmail.com,08123456313,18-05-26,aktive
314,Customer Name 314,user314@gmail.com,08123456314,27/05/2026,INACTIVE
315,Customer Name 315,user315@gmail.com,08123456315,2026-05-26,banned
316,Customer Name 316,user316@gmail.com,08123456316,29-05-26,active 
317,Customer Name 317,user317@gmail.com,08123456317,28-05-26,active
318,Customer Name 318,user318@gmail.com,08123456318,20-05-26,aktive
319,Customer Name 319,user319@gmail.com,08123456319,20-05-26,aktive
320,customer name 320,user320@gmail.com,08123456320,2026-05-27,banned
321,Customer Name 321,user321@gmail.com,08123456321,16-05-26,INACTIVE
322,Customer Name 322,user322@gmail.com,08123456322,22/05/2026,banned
323,Customer Name 323,user323@gmail.com,08123456323,2026-06-01,INACTIVE
324,Customer Name 324,user324@gmail.com,08123456324,18/05/2026,banned
325,Customer Name 325,user325@gmail.com,08123456325,2026-06-04,Active
326,Customer Name 326,user326@gmail.com,08123456326,28/05/2026,aktive
327,Customer Name 327,user327@gmail.com,08123456327,29-05-26,active 
328,Customer Name 328,user328@gmail.com,08123456328,21/05/2026,aktive
329,Customer Name 329,user329@gmail.com,08123456329,2026-05-28,INACTIVE
330,customer name 330,user330@gmail.com,08123456330,11-05-26,Active
331,Customer Name 331,user331@gmail.com,08123456331,30/05/2026,Active
332,Customer Name 332,user332@gmail.com,08123456332,2026-06-02,Active
333,Customer Name 333,user333@gmail.com,08123456333,23/05/2026,banned
334,Customer Name 334,user334@gmail.com,08123456334,2026-06-08,active
335,Customer Name 335,user335@gmail.com,08123456335,30/05/2026,aktive
336,Customer Name 336,user336@gmail.com,08123456336,09-06-26,active 
337,Customer Name 337,user337@gmail.com,08123456337,14-05-26,active 
338,Customer Name 338,user338@gmail.com,08123456338,28/05/2026,INACTIVE
339,Customer Name 339,user339@gmail.com,08123456339,15-05-26,active 
340,customer name 340,user340@gmail.com,08123456340,2026-05-30,active
341,Customer Name 341,user341@gmail.com,08123456341,08/06/2026,aktive
342,Customer Name 342,user342@gmail.com,08123456342,15-05-26,Active
343,Customer Name 343,user343@gmail.com,08123456343,2026-05-29,active 
344,Customer Name 344,user344@gmail.com,08123456344,03/06/2026,active 
345,Customer Name 345,user345@gmail.com,08123456345,22-05-26,active
346,Customer Name 346,user346@gmail.com,08123456346,2026-05-17,Active
347,Customer Name 347,user347@gmail.com,08123456347,21-05-26,Active
348,Customer Name 348,user348@gmail.com,08123456348,2026-05-18,active
349,Customer Name 349,user349@gmail.com,08123456349,2026-05-31,aktive
350,customer name 350,user349@gmail.com,08123456350,15/05/2026,INACTIVE
351,Customer Name 351,user351@gmail.com,08123456351,23-05-26,active 
352,Customer Name 352,user352@gmail.com,08123456352,29/05/2026,Active
353,Customer Name 353,user353@gmail.com,08123456353,2026-05-22,aktive
354,Customer Name 354,user354@gmail.com,08123456354,29/05/2026,active
355,Customer Name 355,user355@gmail.com,08123456355,21/05/2026,aktive
356,Customer Name 356,user356@gmail.com,08123456356,29/05/2026,aktive
357,Customer Name 357,user357@gmail.com,08123456357,2026-06-03,aktive
358,Customer Name 358,user358@gmail.com,08123456358,25/05/2026,Active
359,Customer Name 359,user359@gmail.com,08123456359,2026-05-29,INACTIVE
360,customer name 360,user360@gmail.com,08123456360,2026-06-08,banned
361,Customer Name 361,user361@gmail.com,08123456361,2026-06-07,active
362,Customer Name 362,user362@gmail.com,08123456362,12/05/2026,INACTIVE
363,Customer Name 363,user363@gmail.com,08123456363,15-05-26,Active
364,Customer Name 364,user364@gmail.com,08123456364,31/05/2026,active 
365,Customer Name 365,user365@gmail.com,08123456365,02/06/2026,Active
366,Customer Name 366,user366@gmail.com,08123456366,27-05-26,INACTIVE
367,Customer Name 367,user367@gmail.com,08123456367,2026-06-04,INACTIVE
368,Customer Name 368,user368@gmail.com,08123456368,14/05/2026,active
369,Customer Name 369,user369@gmail.com,08123456369,08/06/2026,aktive
370,customer name 370,user370@gmail.com,08123456370,23-05-26,banned
371,Customer Name 371,user371@gmail.com,08123456371,24-05-26,INACTIVE
372,Customer Name 372,user372@gmail.com,08123456372,2026-05-12,INACTIVE
373,Customer Name 373,user373@gmail.com,08123456373,2026-05-19,Active
374,Customer Name 374,user374@gmail.com,08123456374,2026-06-05,active
375,Customer Name 375,user375@gmail.com,08123456375,15-05-26,active
376,Customer Name 376,user376@gmail.com,08123456376,2026-05-18,Active
377,Customer Name 377,user377@gmail.com,08123456377,21/05/2026,Active
378,Customer Name 378,user378@gmail.com,08123456378,2026-05-14,INACTIVE
379,Customer Name 379,user379@gmail.com,08123456379,2026-06-01,aktive
380,customer name 380,user380@gmail.com,08123456380,2026-05-28,aktive
381,Customer Name 381,user381@gmail.com,08123456381,25/05/2026,banned
382,Customer Name 382,user382@gmail.com,08123456382,24/05/2026,aktive
383,Customer Name 383,user383@gmail.com,08123456383,26-05-26,Active
384,Customer Name 384,user384@gmail.com,08123456384,16/05/2026,active 
385,Customer Name 385,user385@gmail.com,08123456385,02-06-26,Active
386,Customer Name 386,user386@gmail.com,08123456386,31-05-26,Active
387,Customer Name 387,user387@gmail.com,08123456387,11-05-26,INACTIVE
388,Customer Name 388,user388@gmail.com,08123456388,04-06-26,aktive
389,Customer Name 389,user389@gmail.com,08123456389,19-05-26,banned
390,customer name 390,user390@gmail.com,08123456390,11/05/2026,Active
391,Customer Name 391,user391@gmail.com,08123456391,04-06-26,Active
392,Customer Name 392,user392@gmail.com,08123456392,13-05-26,Active
393,Customer Name 393,user393@gmail.com,08123456393,05/06/2026,active
394,Customer Name 394,user394@gmail.com,08123456394,2026-05-11,banned
395,Customer Name 395,user395@gmail.com,08123456395,16-05-26,INACTIVE
396,Customer Name 396,user396@gmail.com,08123456396,15-05-26,Active
397,Customer Name 397,user397@gmail.com,08123456397,2026-05-19,INACTIVE
398,Customer Name 398,user398@gmail.com,08123456398,2026-05-17,active
399,Customer Name 399,user399@gmail.com,08123456399,2026-05-28,INACTIVE
400,customer name 400,user399@gmail.com,08123456400,23-05-26,active
401,Customer Name 401,user401@gmail.com,08123456401,20/05/2026,active
402,Customer Name 402,user402@gmail.com,08123456402,23/05/2026,active 
403,Customer Name 403,user403@gmail.com,08123456403,2026-06-05,banned
404,Customer Name 404,user404@gmail.com,08123456404,22/05/2026,INACTIVE
405,Customer Name 405,user405@gmail.com,08123456405,11/05/2026,INACTIVE
406,Customer Name 406,user406@gmail.com,08123456406,2026-05-18,aktive
407,Customer Name 407,user407@gmail.com,08123456407,26-05-26,active
408,Customer Name 408,user408@gmail.com,08123456408,2026-06-04,Active
409,Customer Name 409,user409@gmail.com,08123456409,2026-06-08,INACTIVE
410,customer name 410,user410@gmail.com,08123456410,2026-05-15,Active
411,Customer Name 411,user411@gmail.com,08123456411,2026-05-11,banned
412,Customer Name 412,user412@gmail.com,08123456412,08-06-26,banned
413,Customer Name 413,user413@gmail.com,08123456413,2026-05-23,aktive
414,Customer Name 414,user414@gmail.com,08123456414,06-06-26,Active
415,Customer Name 415,user415@gmail.com,08123456415,2026-05-13,active 
416,Customer Name 416,user416@gmail.com,08123456416,2026-05-12,active 
417,Customer Name 417,user417@gmail.com,08123456417,2026-05-25,aktive
418,Customer Name 418,user418@gmail.com,08123456418,2026-05-23,active
419,Customer Name 419,user419@gmail.com,08123456419,25-05-26,Active
420,customer name 420,user420@gmail.com,08123456420,14/05/2026,banned
421,Customer Name 421,user421@gmail.com,08123456421,18/05/2026,active
422,Customer Name 422,user422@gmail.com,08123456422,23/05/2026,INACTIVE
423,Customer Name 423,user423@gmail.com,08123456423,24-05-26,Active
424,Customer Name 424,user424@gmail.com,08123456424,14-05-26,INACTIVE
425,Customer Name 425,user425@gmail.com,08123456425,14-05-26,INACTIVE
426,Customer Name 426,user426@gmail.com,08123456426,07-06-26,banned
427,Customer Name 427,user427@gmail.com,08123456427,22-05-26,Active
428,Customer Name 428,user428@gmail.com,08123456428,13/05/2026,active 
429,Customer Name 429,user429@gmail.com,08123456429,2026-05-12,active 
430,customer name 430,user430@gmail.com,08123456430,2026-05-28,INACTIVE
431,Customer Name 431,user431@gmail.com,08123456431,2026-05-12,active
432,Customer Name 432,user432@gmail.com,08123456432,2026-05-29,active
433,Customer Name 433,user433@gmail.com,08123456433,29-05-26,aktive
434,Customer Name 434,user434@gmail.com,08123456434,2026-05-27,INACTIVE
435,Customer Name 435,user435@gmail.com,08123456435,24/05/2026,active 
436,Customer Name 436,user436@gmail.com,08123456436,01-06-26,active 
437,Customer Name 437,user437@gmail.com,08123456437,2026-06-08,INACTIVE
438,Customer Name 438,user438@gmail.com,08123456438,01-06-26,banned
439,Customer Name 439,user439@gmail.com,08123456439,2026-05-22,banned
440,customer name 440,user440@gmail.com,08123456440,24-05-26,active
441,Customer Name 441,user441@gmail.com,08123456441,2026-06-07,Active
442,Customer Name 442,user442@gmail.com,08123456442,2026-05-22,banned
443,Customer Name 443,user443@gmail.com,08123456443,08-06-26,aktive
444,Customer Name 444,user444@gmail.com,08123456444,06-06-26,INACTIVE
445,Customer Name 445,user445@gmail.com,08123456445,2026-05-25,aktive
446,Customer Name 446,user446@gmail.com,08123456446,2026-06-04,active
447,Customer Name 447,user447@gmail.com,08123456447,08-06-26,active
448,Customer Name 448,user448@gmail.com,08123456448,13-05-26,banned
449,Customer Name 449,user449@gmail.com,08123456449,21/05/2026,active
450,customer name 450,user449@gmail.com,08123456450,2026-06-02,active 
451,Customer Name 451,user451@gmail.com,08123456451,24/05/2026,aktive
452,Customer Name 452,user452@gmail.com,08123456452,22-05-26,banned
453,Customer Name 453,user453@gmail.com,08123456453,08-06-26,aktive
454,Customer Name 454,user454@gmail.com,08123456454,2026-05-27,active 
455,Customer Name 455,user455@gmail.com,08123456455,05-06-26,banned
456,Customer Name 456,user456@gmail.com,08123456456,06/06/2026,active 
457,Customer Name 457,user457@gmail.com,08123456457,02-06-26,active
458,Customer Name 458,user458@gmail.com,08123456458,2026-05-20,active
459,Customer Name 459,user459@gmail.com,08123456459,2026-05-11,INACTIVE
460,customer name 460,user460@gmail.com,08123456460,2026-05-12,banned
461,Customer Name 461,user461@gmail.com,08123456461,25/05/2026,INACTIVE
462,Customer Name 462,user462@gmail.com,08123456462,08/06/2026,Active
463,Customer Name 463,user463@gmail.com,08123456463,2026-05-28,active
464,Customer Name 464,user464@gmail.com,08123456464,10/05/2026,INACTIVE
465,Customer Name 465,user465@gmail.com,08123456465,01-06-26,active 
466,Customer Name 466,user466@gmail.com,08123456466,2026-06-05,active 
467,Customer Name 467,user467@gmail.com,08123456467,29/05/2026,Active
468,Customer Name 468,user468@gmail.com,08123456468,28-05-26,banned
469,Customer Name 469,user469@gmail.com,08123456469,12/05/2026,Active
470,customer name 470,user470@gmail.com,08123456470,2026-05-24,aktive
471,Customer Name 471,user471@gmail.com,08123456471,28/05/2026,aktive
472,Customer Name 472,user472@gmail.com,08123456472,03/06/2026,Active
473,Customer Name 473,user473@gmail.com,08123456473,26/05/2026,active 
474,Customer Name 474,user474@gmail.com,08123456474,12/05/2026,active 
475,Customer Name 475,user475@gmail.com,08123456475,09/06/2026,aktive
476,Customer Name 476,user476@gmail.com,08123456476,16-05-26,INACTIVE
477,Customer Name 477,user477@gmail.com,08123456477,12-05-26,Active
478,Customer Name 478,user478@gmail.com,08123456478,27-05-26,banned
479,Customer Name 479,user479@gmail.com,08123456479,23-05-26,active 
480,customer name 480,user480@gmail.com,08123456480,2026-05-23,INACTIVE
481,Customer Name 481,user481@gmail.com,08123456481,25-05-26,INACTIVE
482,Customer Name 482,user482@gmail.com,08123456482,19-05-26,aktive
483,Customer Name 483,user483@gmail.com,08123456483,10-05-26,banned
484,Customer Name 484,user484@gmail.com,08123456484,20/05/2026,Active
485,Customer Name 485,user485@gmail.com,08123456485,07/06/2026,banned
486,Customer Name 486,user486@gmail.com,08123456486,2026-05-14,Active
487,Customer Name 487,user487@gmail.com,08123456487,2026-05-24,Active
488,Customer Name 488,user488@gmail.com,08123456488,2026-05-24,INACTIVE
489,Customer Name 489,user489@gmail.com,08123456489,18-05-26,INACTIVE
490,customer name 490,user490@gmail.com,08123456490,2026-05-10,active 
491,Customer Name 491,user491@gmail.com,08123456491,09-06-26,active
492,Customer Name 492,user492@gmail.com,08123456492,29-05-26,active
493,Customer Name 493,user493@gmail.com,08123456493,2026-06-07,banned
494,Customer Name 494,user494@gmail.com,08123456494,2026-06-03,banned
495,Customer Name 495,user495@gmail.com,08123456495,25/05/2026,active
496,Customer Name 496,user496@gmail.com,08123456496,2026-06-08,Active
497,Customer Name 497,user497@gmail.com,08123456497,2026-05-29,active
498,Customer Name 498,user498@gmail.com,08123456498,26/05/2026,INACTIVE
499,Customer Name 499,user499@gmail.com,08123456499,26/05/2026,aktive
500,customer name 500,user499@gmail.com,08123456500,2026-05-25,active
501,Customer Name 501,user501@gmail.com,08123456501,2026-05-17,INACTIVE
502,Customer Name 502,user502@gmail.com,08123456502,2026-05-12,INACTIVE
503,Customer Name 503,user503@gmail.com,08123456503,07/06/2026,banned
504,Customer Name 504,user504@gmail.com,08123456504,2026-05-25,banned
505,Customer Name 505,user505@gmail.com,08123456505,2026-05-17,active 
506,Customer Name 506,user506@gmail.com,08123456506,28/05/2026,active
507,Customer Name 507,user507@gmail.com,08123456507,15/05/2026,aktive
508,Customer Name 508,user508@gmail.com,08123456508,2026-06-07,aktive
509,Customer Name 509,user509@gmail.com,08123456509,2026-05-30,active
510,customer name 510,user510@gmail.com,08123456510,12-05-26,Active
511,Customer Name 511,user511@gmail.com,08123456511,2026-05-11,banned
512,Customer Name 512,user512@gmail.com,08123456512,2026-05-15,active 
513,Customer Name 513,user513@gmail.com,08123456513,2026-05-25,Active
514,Customer Name 514,user514@gmail.com,08123456514,2026-05-25,active 
515,Customer Name 515,user515@gmail.com,08123456515,24/05/2026,aktive
516,Customer Name 516,user516@gmail.com,08123456516,13-05-26,active 
517,Customer Name 517,user517@gmail.com,08123456517,17-05-26,Active
518,Customer Name 518,user518@gmail.com,08123456518,2026-05-17,INACTIVE
519,Customer Name 519,user519@gmail.com,08123456519,08/06/2026,aktive
520,customer name 520,user520@gmail.com,08123456520,22-05-26,Active
521,Customer Name 521,user521@gmail.com,08123456521,27/05/2026,INACTIVE
522,Customer Name 522,user522@gmail.com,08123456522,09/06/2026,Active
523,Customer Name 523,user523@gmail.com,08123456523,2026-06-03,banned
524,Customer Name 524,user524@gmail.com,08123456524,2026-05-13,active
525,Customer Name 525,user525@gmail.com,08123456525,2026-05-13,aktive
526,Customer Name 526,user526@gmail.com,08123456526,2026-05-22,aktive
527,Customer Name 527,user527@gmail.com,08123456527,19-05-26,INACTIVE
528,Customer Name 528,user528@gmail.com,08123456528,28-05-26,INACTIVE
529,Customer Name 529,user529@gmail.com,08123456529,21-05-26,banned
530,customer name 530,user530@gmail.com,08123456530,08/06/2026,INACTIVE
531,Customer Name 531,user531@gmail.com,08123456531,15-05-26,active 
532,Customer Name 532,user532@gmail.com,08123456532,2026-05-21,active 
533,Customer Name 533,user533@gmail.com,08123456533,29/05/2026,INACTIVE
534,Customer Name 534,user534@gmail.com,08123456534,2026-06-09,Active
535,Customer Name 535,user535@gmail.com,08123456535,04-06-26,INACTIVE
536,Customer Name 536,user536@gmail.com,08123456536,22/05/2026,INACTIVE
537,Customer Name 537,user537@gmail.com,08123456537,24/05/2026,aktive
538,Customer Name 538,user538@gmail.com,08123456538,2026-05-22,banned
539,Customer Name 539,user539@gmail.com,08123456539,04-06-26,INACTIVE
540,customer name 540,user540@gmail.com,08123456540,16-05-26,active
541,Customer Name 541,user541@gmail.com,08123456541,12-05-26,INACTIVE
542,Customer Name 542,user542@gmail.com,08123456542,2026-05-24,active 
543,Customer Name 543,user543@gmail.com,08123456543,02-06-26,Active
544,Customer Name 544,user544@gmail.com,08123456544,30/05/2026,active 
545,Customer Name 545,user545@gmail.com,08123456545,2026-06-03,aktive
546,Customer Name 546,user546@gmail.com,08123456546,25/05/2026,INACTIVE
547,Customer Name 547,user547@gmail.com,08123456547,05/06/2026,aktive
548,Customer Name 548,user548@gmail.com,08123456548,28-05-26,INACTIVE
549,Customer Name 549,user549@gmail.com,08123456549,10-05-26,Active
550,customer name 550,user549@gmail.com,08123456550,2026-06-02,active
551,Customer Name 551,user551@gmail.com,08123456551,03/06/2026,aktive
552,Customer Name 552,user552@gmail.com,08123456552,01/06/2026,aktive
553,Customer Name 553,user553@gmail.com,08123456553,2026-06-09,banned
554,Customer Name 554,user554@gmail.com,08123456554,21/05/2026,active
555,Customer Name 555,user555@gmail.com,08123456555,02-06-26,Active
556,Customer Name 556,user556@gmail.com,08123456556,25/05/2026,INACTIVE
557,Customer Name 557,user557@gmail.com,08123456557,2026-06-03,aktive
558,Customer Name 558,user558@gmail.com,08123456558,09-06-26,aktive
559,Customer Name 559,user559@gmail.com,08123456559,2026-06-09,Active
560,customer name 560,user560@gmail.com,08123456560,30/05/2026,active 
561,Customer Name 561,user561@gmail.com,08123456561,23-05-26,INACTIVE
562,Customer Name 562,user562@gmail.com,08123456562,26-05-26,aktive
563,Customer Name 563,user563@gmail.com,08123456563,18-05-26,aktive
564,Customer Name 564,user564@gmail.com,08123456564,25-05-26,Active
565,Customer Name 565,user565@gmail.com,08123456565,2026-05-10,banned
566,Customer Name 566,user566@gmail.com,08123456566,2026-05-22,Active
567,Customer Name 567,user567@gmail.com,08123456567,18/05/2026,active 
568,Customer Name 568,user568@gmail.com,08123456568,2026-06-05,active
569,Customer Name 569,user569@gmail.com,08123456569,13/05/2026,INACTIVE
570,customer name 570,user570@gmail.com,08123456570,19-05-26,INACTIVE
571,Customer Name 571,user571@gmail.com,08123456571,17-05-26,INACTIVE
572,Customer Name 572,user572@gmail.com,08123456572,2026-05-25,aktive
573,Customer Name 573,user573@gmail.com,08123456573,17/05/2026,INACTIVE
574,Customer Name 574,user574@gmail.com,08123456574,19/05/2026,active
575,Customer Name 575,user575@gmail.com,08123456575,17/05/2026,Active
576,Customer Name 576,user576@gmail.com,08123456576,08-06-26,banned
577,Customer Name 577,user577@gmail.com,08123456577,2026-05-20,active 
578,Customer Name 578,user578@gmail.com,08123456578,19-05-26,active 
579,Customer Name 579,user579@gmail.com,08123456579,23/05/2026,active 
580,customer name 580,user580@gmail.com,08123456580,02/06/2026,active 
581,Customer Name 581,user581@gmail.com,08123456581,2026-06-04,active
582,Customer Name 582,user582@gmail.com,08123456582,14/05/2026,active
583,Customer Name 583,user583@gmail.com,08123456583,14-05-26,active 
584,Customer Name 584,user584@gmail.com,08123456584,2026-05-16,INACTIVE
585,Customer Name 585,user585@gmail.com,08123456585,15-05-26,active 
586,Customer Name 586,user586@gmail.com,08123456586,31-05-26,Active
587,Customer Name 587,user587@gmail.com,08123456587,02/06/2026,INACTIVE
588,Customer Name 588,user588@gmail.com,08123456588,02-06-26,banned
589,Customer Name 589,user589@gmail.com,08123456589,07/06/2026,INACTIVE
590,customer name 590,user590@gmail.com,08123456590,2026-05-30,Active
591,Customer Name 591,user591@gmail.com,08123456591,19/05/2026,active 
592,Customer Name 592,user592@gmail.com,08123456592,2026-05-13,active
593,Customer Name 593,user593@gmail.com,08123456593,11/05/2026,banned
594,Customer Name 594,user594@gmail.com,08123456594,2026-05-12,banned
595,Customer Name 595,user595@gmail.com,08123456595,09/06/2026,Active
596,Customer Name 596,user596@gmail.com,08123456596,01-06-26,Active
597,Customer Name 597,user597@gmail.com,08123456597,12/05/2026,Active
598,Customer Name 598,user598@gmail.com,08123456598,10/05/2026,active
599,Customer Name 599,user599@gmail.com,08123456599,2026-05-19,active
600,customer name 600,user599@gmail.com,08123456600,19/05/2026,active 
601,Customer Name 601,user601@gmail.com,08123456601,2026-05-21,INACTIVE
602,Customer Name 602,user602@gmail.com,08123456602,2026-05-29,banned
603,Customer Name 603,user603@gmail.com,08123456603,2026-05-29,active 
604,Customer Name 604,user604@gmail.com,08123456604,2026-05-21,aktive
605,Customer Name 605,user605@gmail.com,08123456605,06-06-26,banned
606,Customer Name 606,user606@gmail.com,08123456606,12-05-26,active 
607,Customer Name 607,user607@gmail.com,08123456607,19/05/2026,INACTIVE
608,Customer Name 608,user608@gmail.com,08123456608,30/05/2026,Active
609,Customer Name 609,user609@gmail.com,08123456609,02/06/2026,active 
610,customer name 610,user610@gmail.com,08123456610,31-05-26,banned
611,Customer Name 611,user611@gmail.com,08123456611,03-06-26,INACTIVE
612,Customer Name 612,user612@gmail.com,08123456612,11-05-26,active
613,Customer Name 613,user613@gmail.com,08123456613,2026-05-15,banned
614,Customer Name 614,user614@gmail.com,08123456614,2026-06-08,banned
615,Customer Name 615,user615@gmail.com,08123456615,27/05/2026,aktive
616,Customer Name 616,user616@gmail.com,08123456616,2026-05-16,Active
617,Customer Name 617,user617@gmail.com,08123456617,18/05/2026,active 
618,Customer Name 618,user618@gmail.com,08123456618,06-06-26,INACTIVE
619,Customer Name 619,user619@gmail.com,08123456619,09-06-26,aktive
620,customer name 620,user620@gmail.com,08123456620,2026-05-16,aktive
621,Customer Name 621,user621@gmail.com,08123456621,2026-06-01,INACTIVE
622,Customer Name 622,user622@gmail.com,08123456622,31-05-26,active
623,Customer Name 623,user623@gmail.com,08123456623,16-05-26,Active
624,Customer Name 624,user624@gmail.com,08123456624,2026-05-21,active
625,Customer Name 625,user625@gmail.com,08123456625,24-05-26,aktive
626,Customer Name 626,user626@gmail.com,08123456626,16/05/2026,active
627,Customer Name 627,user627@gmail.com,08123456627,2026-06-01,INACTIVE
628,Customer Name 628,user628@gmail.com,08123456628,2026-05-20,INACTIVE
629,Customer Name 629,user629@gmail.com,08123456629,18/05/2026,active
630,customer name 630,user630@gmail.com,08123456630,2026-05-11,active 
631,Customer Name 631,user631@gmail.com,08123456631,27-05-26,active 
632,Customer Name 632,user632@gmail.com,08123456632,13/05/2026,Active
633,Customer Name 633,user633@gmail.com,08123456633,2026-06-01,active 
634,Customer Name 634,user634@gmail.com,08123456634,12/05/2026,banned
635,Customer Name 635,user635@gmail.com,08123456635,31/05/2026,banned
636,Customer Name 636,user636@gmail.com,08123456636,27-05-26,Active
637,Customer Name 637,user637@gmail.com,08123456637,04-06-26,aktive
638,Customer Name 638,user638@gmail.com,08123456638,26/05/2026,active 
639,Customer Name 639,user639@gmail.com,08123456639,05-06-26,active 
640,customer name 640,user640@gmail.com,08123456640,2026-05-17,active
641,Customer Name 641,user641@gmail.com,08123456641,2026-05-27,active
642,Customer Name 642,user642@gmail.com,08123456642,21-05-26,active 
643,Customer Name 643,user643@gmail.com,08123456643,19-05-26,aktive
644,Customer Name 644,user644@gmail.com,08123456644,13/05/2026,active 
645,Customer Name 645,user645@gmail.com,08123456645,2026-06-01,active
646,Customer Name 646,user646@gmail.com,08123456646,22-05-26,INACTIVE
647,Customer Name 647,user647@gmail.com,08123456647,10/05/2026,active 
648,Customer Name 648,user648@gmail.com,08123456648,15/05/2026,banned
649,Customer Name 649,user649@gmail.com,08123456649,07/06/2026,active 
650,customer name 650,user649@gmail.com,08123456650,24/05/2026,banned
651,Customer Name 651,user651@gmail.com,08123456651,06/06/2026,Active
652,Customer Name 652,user652@gmail.com,08123456652,31-05-26,aktive
653,Customer Name 653,user653@gmail.com,08123456653,03-06-26,aktive
654,Customer Name 654,user654@gmail.com,08123456654,26-05-26,Active
655,Customer Name 655,user655@gmail.com,08123456655,2026-05-27,Active
656,Customer Name 656,user656@gmail.com,08123456656,02-06-26,banned
657,Customer Name 657,user657@gmail.com,08123456657,04/06/2026,aktive
658,Customer Name 658,user658@gmail.com,08123456658,2026-05-14,active 
659,Customer Name 659,user659@gmail.com,08123456659,23/05/2026,active
660,customer name 660,user660@gmail.com,08123456660,17-05-26,Active
661,Customer Name 661,user661@gmail.com,08123456661,2026-06-09,banned
662,Customer Name 662,user662@gmail.com,08123456662,31/05/2026,Active
663,Customer Name 663,user663@gmail.com,08123456663,24-05-26,Active
664,Customer Name 664,user664@gmail.com,08123456664,2026-05-17,aktive
665,Customer Name 665,user665@gmail.com,08123456665,28/05/2026,aktive
666,Customer Name 666,user666@gmail.com,08123456666,17/05/2026,INACTIVE
667,Customer Name 667,user667@gmail.com,08123456667,03-06-26,banned
668,Customer Name 668,user668@gmail.com,08123456668,2026-05-18,Active
669,Customer Name 669,user669@gmail.com,08123456669,20-05-26,banned
670,customer name 670,user670@gmail.com,08123456670,14/05/2026,active 
671,Customer Name 671,user671@gmail.com,08123456671,23-05-26,active 
672,Customer Name 672,user672@gmail.com,08123456672,18-05-26,Active
673,Customer Name 673,user673@gmail.com,08123456673,04/06/2026,Active
674,Customer Name 674,user674@gmail.com,08123456674,14/05/2026,banned
675,Customer Name 675,user675@gmail.com,08123456675,19-05-26,banned
676,Customer Name 676,user676@gmail.com,08123456676,2026-06-09,active
677,Customer Name 677,user677@gmail.com,08123456677,08/06/2026,banned
678,Customer Name 678,user678@gmail.com,08123456678,2026-06-07,aktive
679,Customer Name 679,user679@gmail.com,08123456679,05/06/2026,active 
680,customer name 680,user680@gmail.com,08123456680,18-05-26,active 
681,Customer Name 681,user681@gmail.com,08123456681,29-05-26,active
682,Customer Name 682,user682@gmail.com,08123456682,03-06-26,aktive
683,Customer Name 683,user683@gmail.com,08123456683,24-05-26,active
684,Customer Name 684,user684@gmail.com,08123456684,19/05/2026,active
685,Customer Name 685,user685@gmail.com,08123456685,2026-05-30,aktive
686,Customer Name 686,user686@gmail.com,08123456686,08-06-26,INACTIVE
687,Customer Name 687,user687@gmail.com,08123456687,2026-05-14,Active
688,Customer Name 688,user688@gmail.com,08123456688,2026-05-10,active 
689,Customer Name 689,user689@gmail.com,08123456689,16/05/2026,active
690,customer name 690,user690@gmail.com,08123456690,24-05-26,INACTIVE
691,Customer Name 691,user691@gmail.com,08123456691,23-05-26,banned
692,Customer Name 692,user692@gmail.com,08123456692,06/06/2026,active
693,Customer Name 693,user693@gmail.com,08123456693,2026-05-20,banned
694,Customer Name 694,user694@gmail.com,08123456694,13/05/2026,INACTIVE
695,Customer Name 695,user695@gmail.com,08123456695,27-05-26,aktive
696,Customer Name 696,user696@gmail.com,08123456696,27/05/2026,active
697,Customer Name 697,user697@gmail.com,08123456697,2026-05-19,active
698,Customer Name 698,user698@gmail.com,08123456698,13/05/2026,Active
699,Customer Name 699,user699@gmail.com,08123456699,21-05-26,aktive
700,customer name 700,user699@gmail.com,08123456700,09/06/2026,banned
701,Customer Name 701,user701@gmail.com,08123456701,21/05/2026,INACTIVE
702,Customer Name 702,user702@gmail.com,08123456702,10/05/2026,active
703,Customer Name 703,user703@gmail.com,08123456703,14/05/2026,aktive
704,Customer Name 704,user704@gmail.com,08123456704,2026-05-14,active 
705,Customer Name 705,user705@gmail.com,08123456705,31-05-26,Active
706,Customer Name 706,user706@gmail.com,08123456706,05/06/2026,active
707,Customer Name 707,user707@gmail.com,08123456707,30/05/2026,active 
708,Customer Name 708,user708@gmail.com,08123456708,2026-05-20,INACTIVE
709,Customer Name 709,user709@gmail.com,08123456709,01-06-26,banned
710,customer name 710,user710@gmail.com,08123456710,2026-05-24,banned
711,Customer Name 711,user711@gmail.com,08123456711,26-05-26,banned
712,Customer Name 712,user712@gmail.com,08123456712,2026-05-26,active
713,Customer Name 713,user713@gmail.com,08123456713,01-06-26,aktive
714,Customer Name 714,user714@gmail.com,08123456714,12-05-26,INACTIVE
715,Customer Name 715,user715@gmail.com,08123456715,30/05/2026,aktive
716,Customer Name 716,user716@gmail.com,08123456716,19/05/2026,aktive
717,Customer Name 717,user717@gmail.com,08123456717,2026-05-25,active
718,Customer Name 718,user718@gmail.com,08123456718,2026-06-09,Active
719,Customer Name 719,user719@gmail.com,08123456719,08-06-26,active
720,customer name 720,user720@gmail.com,08123456720,18/05/2026,active
721,Customer Name 721,user721@gmail.com,08123456721,26-05-26,banned
722,Customer Name 722,user722@gmail.com,08123456722,05-06-26,active
723,Customer Name 723,user723@gmail.com,08123456723,12/05/2026,Active
724,Customer Name 724,user724@gmail.com,08123456724,23-05-26,active
725,Customer Name 725,user725@gmail.com,08123456725,07-06-26,active 
726,Customer Name 726,user726@gmail.com,08123456726,28-05-26,active 
727,Customer Name 727,user727@gmail.com,08123456727,17-05-26,Active
728,Customer Name 728,user728@gmail.com,08123456728,29-05-26,active
729,Customer Name 729,user729@gmail.com,08123456729,11-05-26,banned
730,customer name 730,user730@gmail.com,08123456730,30/05/2026,aktive
731,Customer Name 731,user731@gmail.com,08123456731,17-05-26,active 
732,Customer Name 732,user732@gmail.com,08123456732,2026-06-03,Active
733,Customer Name 733,user733@gmail.com,08123456733,11-05-26,INACTIVE
734,Customer Name 734,user734@gmail.com,08123456734,22/05/2026,INACTIVE
735,Customer Name 735,user735@gmail.com,08123456735,16/05/2026,active
736,Customer Name 736,user736@gmail.com,08123456736,31/05/2026,INACTIVE
737,Customer Name 737,user737@gmail.com,08123456737,12-05-26,active
738,Customer Name 738,user738@gmail.com,08123456738,01/06/2026,aktive
739,Customer Name 739,user739@gmail.com,08123456739,2026-05-21,active
740,customer name 740,user740@gmail.com,08123456740,29-05-26,Active
741,Customer Name 741,user741@gmail.com,08123456741,08-06-26,active 
742,Customer Name 742,user742@gmail.com,08123456742,2026-05-29,banned
743,Customer Name 743,user743@gmail.com,08123456743,2026-05-26,active
744,Customer Name 744,user744@gmail.com,08123456744,2026-05-15,active 
745,Customer Name 745,user745@gmail.com,08123456745,27/05/2026,banned
746,Customer Name 746,user746@gmail.com,08123456746,2026-05-17,active
747,Customer Name 747,user747@gmail.com,08123456747,31/05/2026,Active
748,Customer Name 748,user748@gmail.com,08123456748,16/05/2026,banned
749,Customer Name 749,user749@gmail.com,08123456749,03/06/2026,Active
750,customer name 750,user749@gmail.com,08123456750,25-05-26,aktive
751,Customer Name 751,user751@gmail.com,08123456751,08/06/2026,aktive
752,Customer Name 752,user752@gmail.com,08123456752,2026-05-29,aktive
753,Customer Name 753,user753@gmail.com,08123456753,01-06-26,banned
754,Customer Name 754,user754@gmail.com,08123456754,22/05/2026,Active
755,Customer Name 755,user755@gmail.com,08123456755,06/06/2026,banned
756,Customer Name 756,user756@gmail.com,08123456756,2026-05-25,banned
757,Customer Name 757,user757@gmail.com,08123456757,2026-05-18,banned
758,Customer Name 758,user758@gmail.com,08123456758,13-05-26,active 
759,Customer Name 759,user759@gmail.com,08123456759,19/05/2026,Active
760,customer name 760,user760@gmail.com,08123456760,03-06-26,Active
761,Customer Name 761,user761@gmail.com,08123456761,2026-05-12,active
762,Customer Name 762,user762@gmail.com,08123456762,16-05-26,Active
763,Customer Name 763,user763@gmail.com,08123456763,25/05/2026,Active
764,Customer Name 764,user764@gmail.com,08123456764,2026-05-10,INACTIVE
765,Customer Name 765,user765@gmail.com,08123456765,21/05/2026,active
766,Customer Name 766,user766@gmail.com,08123456766,07/06/2026,Active
767,Customer Name 767,user767@gmail.com,08123456767,23/05/2026,INACTIVE
768,Customer Name 768,user768@gmail.com,08123456768,20/05/2026,active
769,Customer Name 769,user769@gmail.com,08123456769,15-05-26,aktive
770,customer name 770,user770@gmail.com,08123456770,2026-06-01,Active
771,Customer Name 771,user771@gmail.com,08123456771,19-05-26,INACTIVE
772,Customer Name 772,user772@gmail.com,08123456772,09-06-26,Active
773,Customer Name 773,user773@gmail.com,08123456773,16/05/2026,active 
774,Customer Name 774,user774@gmail.com,08123456774,2026-06-02,active
775,Customer Name 775,user775@gmail.com,08123456775,14/05/2026,Active
776,Customer Name 776,user776@gmail.com,08123456776,12-05-26,Active
777,Customer Name 777,user777@gmail.com,08123456777,21-05-26,INACTIVE
778,Customer Name 778,user778@gmail.com,08123456778,13/05/2026,Active
779,Customer Name 779,user779@gmail.com,08123456779,19-05-26,active
780,customer name 780,user780@gmail.com,08123456780,08/06/2026,INACTIVE
781,Customer Name 781,user781@gmail.com,08123456781,30/05/2026,INACTIVE
782,Customer Name 782,user782@gmail.com,08123456782,20-05-26,active
783,Customer Name 783,user783@gmail.com,08123456783,28-05-26,Active
784,Customer Name 784,user784@gmail.com,08123456784,04/06/2026,aktive
785,Customer Name 785,user785@gmail.com,08123456785,26/05/2026,banned
786,Customer Name 786,user786@gmail.com,08123456786,03-06-26,active 
787,Customer Name 787,user787@gmail.com,08123456787,05-06-26,banned
788,Customer Name 788,user788@gmail.com,08123456788,14/05/2026,banned
789,Customer Name 789,user789@gmail.com,08123456789,10-05-26,INACTIVE
790,customer name 790,user790@gmail.com,08123456790,24-05-26,Active
791,Customer Name 791,user791@gmail.com,08123456791,24-05-26,banned
792,Customer Name 792,user792@gmail.com,08123456792,2026-05-13,banned
793,Customer Name 793,user793@gmail.com,08123456793,20/05/2026,active 
794,Customer Name 794,user794@gmail.com,08123456794,07/06/2026,Active
795,Customer Name 795,user795@gmail.com,08123456795,2026-05-13,banned
796,Customer Name 796,user796@gmail.com,08123456796,09/06/2026,aktive
797,Customer Name 797,user797@gmail.com,08123456797,02-06-26,banned
798,Customer Name 798,user798@gmail.com,08123456798,25/05/2026,Active
799,Customer Name 799,user799@gmail.com,08123456799,13-05-26,banned
800,customer name 800,user799@gmail.com,08123456800,19/05/2026,aktive
801,Customer Name 801,user801@gmail.com,08123456801,2026-05-17,active 
802,Customer Name 802,user802@gmail.com,08123456802,07/06/2026,active 
803,Customer Name 803,user803@gmail.com,08123456803,06-06-26,INACTIVE
804,Customer Name 804,user804@gmail.com,08123456804,31/05/2026,active 
805,Customer Name 805,user805@gmail.com,08123456805,27-05-26,aktive
806,Customer Name 806,user806@gmail.com,08123456806,14/05/2026,aktive
807,Customer Name 807,user807@gmail.com,08123456807,11-05-26,banned
808,Customer Name 808,user808@gmail.com,08123456808,11/05/2026,active
809,Customer Name 809,user809@gmail.com,08123456809,08-06-26,INACTIVE
810,customer name 810,user810@gmail.com,08123456810,07/06/2026,INACTIVE
811,Customer Name 811,user811@gmail.com,08123456811,12-05-26,banned
812,Customer Name 812,user812@gmail.com,08123456812,04/06/2026,active 
813,Customer Name 813,user813@gmail.com,08123456813,22-05-26,aktive
814,Customer Name 814,user814@gmail.com,08123456814,01-06-26,Active
815,Customer Name 815,user815@gmail.com,08123456815,19-05-26,banned
816,Customer Name 816,user816@gmail.com,08123456816,13/05/2026,Active
817,Customer Name 817,user817@gmail.com,08123456817,2026-06-05,banned
818,Customer Name 818,user818@gmail.com,08123456818,02-06-26,active 
819,Customer Name 819,user819@gmail.com,08123456819,06/06/2026,aktive
820,customer name 820,user820@gmail.com,08123456820,12/05/2026,active 
821,Customer Name 821,user821@gmail.com,08123456821,13/05/2026,active
822,Customer Name 822,user822@gmail.com,08123456822,02/06/2026,active
823,Customer Name 823,user823@gmail.com,08123456823,23-05-26,banned
824,Customer Name 824,user824@gmail.com,08123456824,15/05/2026,active
825,Customer Name 825,user825@gmail.com,08123456825,02/06/2026,INACTIVE
826,Customer Name 826,user826@gmail.com,08123456826,2026-05-24,active
827,Customer Name 827,user827@gmail.com,08123456827,20-05-26,active
828,Customer Name 828,user828@gmail.com,08123456828,24-05-26,aktive
829,Customer Name 829,user829@gmail.com,08123456829,16-05-26,aktive
830,customer name 830,user830@gmail.com,08123456830,2026-05-28,active 
831,Customer Name 831,user831@gmail.com,08123456831,17-05-26,banned
832,Customer Name 832,user832@gmail.com,08123456832,18/05/2026,banned
833,Customer Name 833,user833@gmail.com,08123456833,2026-05-29,active
834,Customer Name 834,user834@gmail.com,08123456834,2026-05-19,aktive
835,Customer Name 835,user835@gmail.com,08123456835,05-06-26,banned
836,Customer Name 836,user836@gmail.com,08123456836,2026-06-07,active 
837,Customer Name 837,user837@gmail.com,08123456837,04/06/2026,active 
838,Customer Name 838,user838@gmail.com,08123456838,03-06-26,aktive
839,Customer Name 839,user839@gmail.com,08123456839,2026-05-24,INACTIVE
840,customer name 840,user840@gmail.com,08123456840,24-05-26,Active
841,Customer Name 841,user841@gmail.com,08123456841,10/05/2026,active
842,Customer Name 842,user842@gmail.com,08123456842,14/05/2026,Active
843,Customer Name 843,user843@gmail.com,08123456843,2026-05-24,active
844,Customer Name 844,user844@gmail.com,08123456844,2026-05-26,active
845,Customer Name 845,user845@gmail.com,08123456845,02/06/2026,Active
846,Customer Name 846,user846@gmail.com,08123456846,30-05-26,Active
847,Customer Name 847,user847@gmail.com,08123456847,05/06/2026,INACTIVE
848,Customer Name 848,user848@gmail.com,08123456848,12/05/2026,active
849,Customer Name 849,user849@gmail.com,08123456849,2026-05-21,active
850,customer name 850,user849@gmail.com,08123456850,2026-05-31,banned
851,Customer Name 851,user851@gmail.com,08123456851,29/05/2026,INACTIVE
852,Customer Name 852,user852@gmail.com,08123456852,17-05-26,Active
853,Customer Name 853,user853@gmail.com,08123456853,04/06/2026,INACTIVE
854,Customer Name 854,user854@gmail.com,08123456854,12/05/2026,Active
855,Customer Name 855,user855@gmail.com,08123456855,09-06-26,banned
856,Customer Name 856,user856@gmail.com,08123456856,2026-05-25,Active
857,Customer Name 857,user857@gmail.com,08123456857,2026-06-03,banned
858,Customer Name 858,user858@gmail.com,08123456858,15/05/2026,active
859,Customer Name 859,user859@gmail.com,08123456859,12-05-26,banned
860,customer name 860,user860@gmail.com,08123456860,14/05/2026,Active
861,Customer Name 861,user861@gmail.com,08123456861,03-06-26,INACTIVE
862,Customer Name 862,user862@gmail.com,08123456862,2026-05-15,Active
863,Customer Name 863,user863@gmail.com,08123456863,2026-05-30,active
864,Customer Name 864,user864@gmail.com,08123456864,21/05/2026,Active
865,Customer Name 865,user865@gmail.com,08123456865,20/05/2026,active 
866,Customer Name 866,user866@gmail.com,08123456866,12-05-26,active 
867,Customer Name 867,user867@gmail.com,08123456867,06/06/2026,banned
868,Customer Name 868,user868@gmail.com,08123456868,01-06-26,active
869,Customer Name 869,user869@gmail.com,08123456869,29/05/2026,aktive
870,customer name 870,user870@gmail.com,08123456870,05/06/2026,INACTIVE
871,Customer Name 871,user871@gmail.com,08123456871,05-06-26,active
872,Customer Name 872,user872@gmail.com,08123456872,23/05/2026,aktive
873,Customer Name 873,user873@gmail.com,08123456873,23-05-26,aktive
874,Customer Name 874,user874@gmail.com,08123456874,2026-05-31,banned
875,Customer Name 875,user875@gmail.com,08123456875,05/06/2026,active 
876,Customer Name 876,user876@gmail.com,08123456876,2026-06-02,INACTIVE
877,Customer Name 877,user877@gmail.com,08123456877,2026-06-03,INACTIVE
878,Customer Name 878,user878@gmail.com,08123456878,06/06/2026,active
879,Customer Name 879,user879@gmail.com,08123456879,2026-05-23,INACTIVE
880,customer name 880,user880@gmail.com,08123456880,13-05-26,banned
881,Customer Name 881,user881@gmail.com,08123456881,27-05-26,banned
882,Customer Name 882,user882@gmail.com,08123456882,23-05-26,INACTIVE
883,Customer Name 883,user883@gmail.com,08123456883,09-06-26,active 
884,Customer Name 884,user884@gmail.com,08123456884,12/05/2026,INACTIVE
885,Customer Name 885,user885@gmail.com,08123456885,17/05/2026,banned
886,Customer Name 886,user886@gmail.com,08123456886,30/05/2026,aktive
887,Customer Name 887,user887@gmail.com,08123456887,13/05/2026,Active
888,Customer Name 888,user888@gmail.com,08123456888,02-06-26,active
889,Customer Name 889,user889@gmail.com,08123456889,05/06/2026,Active
890,customer name 890,user890@gmail.com,08123456890,29-05-26,INACTIVE
891,Customer Name 891,user891@gmail.com,08123456891,05-06-26,active 
892,Customer Name 892,user892@gmail.com,08123456892,2026-05-24,Active
893,Customer Name 893,user893@gmail.com,08123456893,23-05-26,Active
894,Customer Name 894,user894@gmail.com,08123456894,06/06/2026,Active
895,Customer Name 895,user895@gmail.com,08123456895,15-05-26,INACTIVE
896,Customer Name 896,user896@gmail.com,08123456896,08/06/2026,aktive
897,Customer Name 897,user897@gmail.com,08123456897,26/05/2026,Active
898,Customer Name 898,user898@gmail.com,08123456898,2026-05-19,Active
899,Customer Name 899,user899@gmail.com,08123456899,02-06-26,banned
900,customer name 900,user899@gmail.com,08123456900,05/06/2026,Active
901,Customer Name 901,user901@gmail.com,08123456901,28/05/2026,banned
902,Customer Name 902,user902@gmail.com,08123456902,16-05-26,INACTIVE
903,Customer Name 903,user903@gmail.com,08123456903,07-06-26,active
904,Customer Name 904,user904@gmail.com,08123456904,2026-05-20,INACTIVE
905,Customer Name 905,user905@gmail.com,08123456905,2026-06-08,active
906,Customer Name 906,user906@gmail.com,08123456906,2026-06-06,active
907,Customer Name 907,user907@gmail.com,08123456907,18/05/2026,Active
908,Customer Name 908,user908@gmail.com,08123456908,19-05-26,banned
909,Customer Name 909,user909@gmail.com,08123456909,2026-06-09,active 
910,customer name 910,user910@gmail.com,08123456910,2026-06-05,Active
911,Customer Name 911,user911@gmail.com,08123456911,2026-06-05,aktive
912,Customer Name 912,user912@gmail.com,08123456912,17/05/2026,banned
913,Customer Name 913,user913@gmail.com,08123456913,2026-05-18,banned
914,Customer Name 914,user914@gmail.com,08123456914,2026-05-27,active
915,Customer Name 915,user915@gmail.com,08123456915,2026-05-17,active
916,Customer Name 916,user916@gmail.com,08123456916,08/06/2026,Active
917,Customer Name 917,user917@gmail.com,08123456917,05/06/2026,active
918,Customer Name 918,user918@gmail.com,08123456918,2026-05-31,Active
919,Customer Name 919,user919@gmail.com,08123456919,16-05-26,banned
920,customer name 920,user920@gmail.com,08123456920,09/06/2026,aktive
921,Customer Name 921,user921@gmail.com,08123456921,22-05-26,INACTIVE
922,Customer Name 922,user922@gmail.com,08123456922,16-05-26,INACTIVE
923,Customer Name 923,user923@gmail.com,08123456923,2026-06-01,active
924,Customer Name 924,user924@gmail.com,08123456924,14/05/2026,INACTIVE
925,Customer Name 925,user925@gmail.com,08123456925,2026-06-09,active
926,Customer Name 926,user926@gmail.com,08123456926,2026-06-02,INACTIVE
927,Customer Name 927,user927@gmail.com,08123456927,2026-05-26,active 
928,Customer Name 928,user928@gmail.com,08123456928,2026-06-08,Active
929,Customer Name 929,user929@gmail.com,08123456929,2026-06-01,active
930,customer name 930,user930@gmail.com,08123456930,30-05-26,active
931,Customer Name 931,user931@gmail.com,08123456931,17/05/2026,Active
932,Customer Name 932,user932@gmail.com,08123456932,04-06-26,Active
933,Customer Name 933,user933@gmail.com,08123456933,27-05-26,active
934,Customer Name 934,user934@gmail.com,08123456934,15-05-26,Active
935,Customer Name 935,user935@gmail.com,08123456935,06-06-26,Active
936,Customer Name 936,user936@gmail.com,08123456936,05/06/2026,active
937,Customer Name 937,user937@gmail.com,08123456937,16/05/2026,banned
938,Customer Name 938,user938@gmail.com,08123456938,13/05/2026,active 
939,Customer Name 939,user939@gmail.com,08123456939,31-05-26,aktive
940,customer name 940,user940@gmail.com,08123456940,09-06-26,banned
941,Customer Name 941,user941@gmail.com,08123456941,2026-06-03,Active
942,Customer Name 942,user942@gmail.com,08123456942,29-05-26,active
943,Customer Name 943,user943@gmail.com,08123456943,22/05/2026,banned
944,Customer Name 944,user944@gmail.com,08123456944,04/06/2026,active 
945,Customer Name 945,user945@gmail.com,08123456945,01/06/2026,active 
946,Customer Name 946,user946@gmail.com,08123456946,13/05/2026,INACTIVE
947,Customer Name 947,user947@gmail.com,08123456947,2026-05-10,INACTIVE
948,Customer Name 948,user948@gmail.com,08123456948,2026-06-06,aktive
949,Customer Name 949,user949@gmail.com,08123456949,2026-06-07,Active
950,customer name 950,user949@gmail.com,08123456950,27/05/2026,banned
951,Customer Name 951,user951@gmail.com,08123456951,11-05-26,active 
952,Customer Name 952,user952@gmail.com,08123456952,2026-06-07,Active
953,Customer Name 953,user953@gmail.com,08123456953,13-05-26,aktive
954,Customer Name 954,user954@gmail.com,08123456954,25/05/2026,banned
955,Customer Name 955,user955@gmail.com,08123456955,01-06-26,INACTIVE
956,Customer Name 956,user956@gmail.com,08123456956,2026-05-28,Active
957,Customer Name 957,user957@gmail.com,08123456957,26/05/2026,banned
958,Customer Name 958,user958@gmail.com,08123456958,25/05/2026,Active
959,Customer Name 959,user959@gmail.com,08123456959,07/06/2026,banned
960,customer name 960,user960@gmail.com,08123456960,09-06-26,aktive
961,Customer Name 961,user961@gmail.com,08123456961,18/05/2026,INACTIVE
962,Customer Name 962,user962@gmail.com,08123456962,05/06/2026,Active
963,Customer Name 963,user963@gmail.com,08123456963,05/06/2026,aktive
964,Customer Name 964,user964@gmail.com,08123456964,28/05/2026,banned
965,Customer Name 965,user965@gmail.com,08123456965,2026-05-19,INACTIVE
966,Customer Name 966,user966@gmail.com,08123456966,17/05/2026,active
967,Customer Name 967,user967@gmail.com,08123456967,08-06-26,aktive
968,Customer Name 968,user968@gmail.com,08123456968,04/06/2026,active
969,Customer Name 969,user969@gmail.com,08123456969,08/06/2026,banned
970,customer name 970,user970@gmail.com,08123456970,19/05/2026,INACTIVE
971,Customer Name 971,user971@gmail.com,08123456971,12/05/2026,Active
972,Customer Name 972,user972@gmail.com,08123456972,27/05/2026,active
973,Customer Name 973,user973@gmail.com,08123456973,27/05/2026,INACTIVE
974,Customer Name 974,user974@gmail.com,08123456974,2026-05-26,INACTIVE
975,Customer Name 975,user975@gmail.com,08123456975,11-05-26,banned
976,Customer Name 976,user976@gmail.com,08123456976,12-05-26,banned
977,Customer Name 977,user977@gmail.com,08123456977,29-05-26,active
978,Customer Name 978,user978@gmail.com,08123456978,13/05/2026,Active
979,Customer Name 979,user979@gmail.com,08123456979,24-05-26,aktive
980,customer name 980,user980@gmail.com,08123456980,2026-05-20,Active
981,Customer Name 981,user981@gmail.com,08123456981,04-06-26,aktive
982,Customer Name 982,user982@gmail.com,08123456982,2026-05-24,Active
983,Customer Name 983,user983@gmail.com,08123456983,2026-05-21,banned
984,Customer Name 984,user984@gmail.com,08123456984,2026-05-26,banned
985,Customer Name 985,user985@gmail.com,08123456985,26/05/2026,INACTIVE
986,Customer Name 986,user986@gmail.com,08123456986,12/05/2026,active 
987,Customer Name 987,user987@gmail.com,08123456987,06/06/2026,INACTIVE
988,Customer Name 988,user988@gmail.com,08123456988,2026-05-10,INACTIVE
989,Customer Name 989,user989@gmail.com,08123456989,24/05/2026,INACTIVE
990,customer name 990,user990@gmail.com,08123456990,25/05/2026,aktive
991,Customer Name 991,user991@gmail.com,08123456991,22/05/2026,active
992,Customer Name 992,user992@gmail.com,08123456992,01-06-26,active 
993,Customer Name 993,user993@gmail.com,08123456993,07/06/2026,Active
994,Customer Name 994,user994@gmail.com,08123456994,2026-05-24,active 
995,Customer Name 995,user995@gmail.com,08123456995,28/05/2026,active 
996,Customer Name 996,user996@gmail.com,08123456996,21/05/2026,active 
997,Customer Name 997,user997@gmail.com,08123456997,2026-05-11,Active
998,Customer Name 998,user998@gmail.com,08123456998,27-05-26,active 
999,Customer Name 999,user999@gmail.com,08123456999,2026-05-10,active
1000,customer name 1000,user999@gmail.com,081234561000,31-05-26,Active
